<PAMDataset>
  <PAMRasterBand band="1">
    <Description>Band_1</Description>
    <Histograms>
      <HistItem>
        <HistMin>-0.5</HistMin>
        <HistMax>95.5</HistMax>
        <BucketCount>96</BucketCount>
        <IncludeOutOfRange>1</IncludeOutOfRange>
        <Approximate>0</Approximate>
        <HistCounts>6026828|0|0|0|0|0|0|0|0|0|0|1181559|0|0|0|0|0|0|0|0|0|1019818|742859|1116885|367479|0|0|0|0|0|0|2083618|0|0|0|0|0|0|0|0|0|1386|353411|254558|0|0|0|0|0|0|0|0|9441600|0|0|0|0|0|0|0|0|0|0|0|0|0|0|0|0|0|0|1574167|0|0|0|0|0|0|0|0|0|51604|72962|0|0|0|0|0|0|0|112180|0|0|0|0|138045</HistCounts>
      </HistItem>
    </Histograms>
    <Metadata>
      <MDI key="STATISTICS_MINIMUM">0</MDI>
      <MDI key="STATISTICS_MAXIMUM">95</MDI>
      <MDI key="STATISTICS_MEAN">33.082277695651</MDI>
      <MDI key="STATISTICS_STDDEV">24.263349687177</MDI>
      <MDI key="STATISTICS_MEDIAN">31.000000</MDI>
      <MDI key="STATISTICS_COUNT">24538959.000000</MDI>
      <MDI key="STATISTICS_SKIPFACTORX">1</MDI>
      <MDI key="STATISTICS_SKIPFACTORY">1</MDI>
      <MDI key="STATISTICS_EXCLUDEDVALUES"></MDI>
      <MDI key="STATISTICS_COVARIANCES">588.7101380422464</MDI>
    </Metadata>
  </PAMRasterBand>
</PAMDataset>
