<PAMDataset>
  <PAMRasterBand band="1">
    <Description>Band_1</Description>
    <Histograms>
      <HistItem>
        <HistMin>-0.5</HistMin>
        <HistMax>95.5</HistMax>
        <BucketCount>96</BucketCount>
        <IncludeOutOfRange>1</IncludeOutOfRange>
        <Approximate>0</Approximate>
        <HistCounts>6026828|0|0|0|0|0|0|0|0|0|0|1180363|0|0|0|0|0|0|0|0|0|1019753|727558|1003915|325538|0|0|0|0|0|0|2154083|0|0|0|0|0|0|0|0|0|1265|551697|491033|0|0|0|0|0|0|0|0|8754174|0|0|0|0|0|0|0|0|0|0|0|0|0|0|0|0|0|0|1894854|0|0|0|0|0|0|0|0|0|80635|76524|0|0|0|0|0|0|0|113694|0|0|0|0|137045</HistCounts>
      </HistItem>
    </Histograms>
    <Metadata>
      <MDI key="STATISTICS_MINIMUM">0</MDI>
      <MDI key="STATISTICS_MAXIMUM">95</MDI>
      <MDI key="STATISTICS_MEAN">33.344201357528</MDI>
      <MDI key="STATISTICS_STDDEV">24.523572665011</MDI>
      <MDI key="STATISTICS_MEDIAN">31.000000</MDI>
      <MDI key="STATISTICS_COUNT">24538959.000000</MDI>
      <MDI key="STATISTICS_SKIPFACTORX">1</MDI>
      <MDI key="STATISTICS_SKIPFACTORY">1</MDI>
      <MDI key="STATISTICS_EXCLUDEDVALUES"></MDI>
      <MDI key="STATISTICS_COVARIANCES">601.4056162560781</MDI>
    </Metadata>
  </PAMRasterBand>
</PAMDataset>
